{
  "inheritsFrom": "1.21.1",
  "releaseTime": "2025-12-26T19:27:11+0000",
  "mainClass": "net.fabricmc.loader.impl.launch.knot.KnotClient",
  "libraries": [
    { "name": "org.ow2.asm:asm:9.9", "url": "https://maven.fabricmc.net/" },
    { "name": "org.ow2.asm:asm-analysis:9.9", "url": "https://maven.fabricmc.net/" },
    { "name": "org.ow2.asm:asm-commons:9.9", "url": "https://maven.fabricmc.net/" },
    { "name": "org.ow2.asm:asm-tree:9.9", "url": "https://maven.fabricmc.net/" },
    { "name": "org.ow2.asm:asm-util:9.9", "url": "https://maven.fabricmc.net/" },
    { "name": "net.fabricmc:sponge-mixin:0.17.0+mixin.0.8.7", "url": "https://maven.fabricmc.net/" },
    { "name": "net.fabricmc:intermediary:1.21.1", "url": "https://maven.fabricmc.net/" },
    { "name": "net.fabricmc:fabric-loader:0.18.4", "url": "https://maven.fabricmc.net/" }
  ],
  "arguments": {
    "jvm": ["-DFabricMcEmu=net.minecraft.client.main.Main"],
    "game": []
  },
  "id": "Saturn_Client",
  "type": "release"
}