{
  "id": "Saturn_Client",
  "time": "2016-02-29T16:22:14-05:00",
  "releaseTime": "2015-12-03T09:24:39-05:00",
  "type": "modified",
  "minecraftArguments": "--username ${auth_player_name} --version ${version_name} --gameDir ${game_directory} --assetsDir ${assets_root} --assetIndex ${assets_index_name} --uuid ${auth_uuid} --accessToken ${auth_access_token} --userProperties ${user_properties} --userType ${user_type} --tweakClass net.minecraftforge.fml.common.launcher.FMLTweaker",
  "mainClass": "net.minecraft.launchwrapper.Launch",
  "minimumLauncherVersion": 14,
  "assets": "1.8",
  "libraries": [
    {
      "name": "net.minecraftforge:forge:1.8.9-11.15.1.1764",
      "url": "http://res.tlauncher.org/unb/",
      "exact_url": "http://res.tlauncher.org/unb/libraries/net/minecraftforge/forge/1.8.9-11.15.1.1764/forge-1.8.9-11.15.1.1764-universal.jar"
    },
    {
      "name": "io.netty:netty-all:4.0.23.Final",
      "artifact": {
        "sha1": "0294104aaf1781d6a56a07d561e792c5d0c95f45",
        "size": 1779991,
        "path": "libraries/io/netty/netty-all/4.0.23.Final/netty-all-4.0.23.Final.jar",
        "url": "http://res.tlauncher.org/unb/libraries/io/netty/netty-all/4.0.23.Final/netty-all-4.0.23.Final.jar"
      }
    },
    {
      "name": "net.minecraft:launchwrapper:1.12",
      "artifact": {
        "sha1": "111e7bea9c968cdb3d06ef4632bf7ff0824d0f36",
        "size": 32999,
        "path": "libraries/net/minecraft/launchwrapper/1.12/launchwrapper-1.12.jar",
        "url": "http://res.tlauncher.org/unb/libraries/net/minecraft/launchwrapper/1.12/launchwrapper-1.12.jar"
      }
    },
    {
      "name": "org.ow2.asm:asm-all:5.0.3",
      "artifact": {
        "sha1": "4333508b8dd8ee72aa4e39afa713b3a74579b773",
        "size": 241639,
        "path": "libraries/org/ow2/asm/asm-all/5.0.3/asm-all-5.0.3.jar",
        "url": "http://res.tlauncher.org/unb/libraries/org/ow2/asm/asm-all/5.0.3/asm-all-5.0.3.jar"
      }
    },
    {
      "name": "jline:jline:2.13",
      "artifact": {
        "sha1": "2d9530d0a25daffaffda7c35037b046b627bb171",
        "size": 248566,
        "path": "libraries/jline/jline/2.13/jline-2.13.jar",
        "url": "http://res.tlauncher.org/unb/libraries/jline/jline/2.13/jline-2.13.jar"
      }
    },
    {
      "name": "com.typesafe.akka:akka-actor_2.11:2.3.3",
      "artifact": {
        "sha1": "ed62e9fc709ca0f2ff1a3220daa8b70a2870078e",
        "size": 2514991,
        "path": "libraries/com/typesafe/akka/akka-actor_2.11/2.3.3/akka-actor_2.11-2.3.3.jar",
        "url": "http://res.tlauncher.org/unb/libraries/com/typesafe/akka/akka-actor_2.11/2.3.3/akka-actor_2.11-2.3.3.jar"
      },
      "packed": "forge"
    },
    {
      "name": "com.typesafe:config:1.2.1",
      "artifact": {
        "sha1": "f771f71fdae3df231bcd54d5ca2d57f0bf93f467",
        "size": 219554,
        "path": "libraries/com/typesafe/config/1.2.1/config-1.2.1.jar",
        "url": "http://res.tlauncher.org/unb/libraries/com/typesafe/config/1.2.1/config-1.2.1.jar"
      },
      "packed": "forge"
    },
    {
      "name": "org.scala-lang:scala-actors-migration_2.11:1.1.0",
      "artifact": {
        "sha1": "dfa8bc42b181d5b9f1a5dd147f8ae308b893eb6f",
        "size": 58018,
        "path": "libraries/org/scala-lang/scala-actors-migration_2.11/1.1.0/scala-actors-migration_2.11-1.1.0.jar",
        "url": "http://res.tlauncher.org/unb/libraries/org/scala-lang/scala-actors-migration_2.11/1.1.0/scala-actors-migration_2.11-1.1.0.jar"
      }
    },
    {
      "name": "org.scala-lang:scala-compiler:2.11.1",
      "artifact": {
        "sha1": "56ea2e6c025e0821f28d73ca271218b8dd04926a",
        "size": 13449765,
        "path": "libraries/org/scala-lang/scala-compiler/2.11.1/scala-compiler-2.11.1.jar",
        "url": "http://res.tlauncher.org/unb/libraries/org/scala-lang/scala-compiler/2.11.1/scala-compiler-2.11.1.jar"
      }
    },
    {
      "name": "org.scala-lang.plugins:scala-continuations-library_2.11:1.0.2",
      "artifact": {
        "sha1": "0e517c53a7e9acd6b1668c5a35eccbaa3bab9aac",
        "size": 25365,
        "path": "libraries/org/scala-lang/plugins/scala-continuations-library_2.11/1.0.2/scala-continuations-library_2.11-1.0.2-0e517c53a7e9acd6b1668c5a35eccbaa3bab9aac.jar",
        "url": "http://res.tlauncher.org/unb/libraries/org/scala-lang/plugins/scala-continuations-library_2.11/1.0.2/scala-continuations-library_2.11-1.0.2-0e517c53a7e9acd6b1668c5a35eccbaa3bab9aac.jar"
      }
    },
    {
      "name": "org.scala-lang.plugins:scala-continuations-plugin_2.11.1:1.0.2",
      "artifact": {
        "sha1": "f361a3283452c57fa30c1ee69448995de23c60f7",
        "size": 206575,
        "path": "libraries/org/scala-lang/plugins/scala-continuations-plugin_2.11.1/1.0.2/scala-continuations-plugin_2.11.1-1.0.2-f361a3283452c57fa30c1ee69448995de23c60f7.jar",
        "url": "http://res.tlauncher.org/unb/libraries/org/scala-lang/plugins/scala-continuations-plugin_2.11.1/1.0.2/scala-continuations-plugin_2.11.1-1.0.2-f361a3283452c57fa30c1ee69448995de23c60f7.jar"
      }
    },
    {
      "name": "org.scala-lang:scala-library:2.11.1",
      "artifact": {
        "sha1": "0e11da23da3eabab9f4777b9220e60d44c1aab6a",
        "size": 5538130,
        "path": "libraries/org/scala-lang/scala-library/2.11.1/scala-library-2.11.1.jar",
        "url": "http://res.tlauncher.org/unb/libraries/org/scala-lang/scala-library/2.11.1/scala-library-2.11.1.jar"
      }
    },
    {
      "name": "org.scala-lang:scala-parser-combinators_2.11:1.0.1",
      "artifact": {
        "sha1": "f05d7345bf5a58924f2837c6c1f4d73a938e1ff0",
        "size": 419701,
        "path": "libraries/org/scala-lang/scala-parser-combinators_2.11/1.0.1/scala-parser-combinators_2.11-1.0.1.jar",
        "url": "http://res.tlauncher.org/unb/libraries/org/scala-lang/scala-parser-combinators_2.11/1.0.1/scala-parser-combinators_2.11-1.0.1.jar"
      }
    },
    {
      "name": "org.scala-lang:scala-reflect:2.11.1",
      "artifact": {
        "sha1": "6580347e61cc7f8e802941e7fde40fa83b8badeb",
        "size": 4372892,
        "path": "libraries/org/scala-lang/scala-reflect/2.11.1/scala-reflect-2.11.1.jar",
        "url": "http://res.tlauncher.org/unb/libraries/org/scala-lang/scala-reflect/2.11.1/scala-reflect-2.11.1.jar"
      }
    },
    {
      "name": "org.scala-lang:scala-swing_2.11:1.0.1",
      "artifact": {
        "sha1": "b1cdd92bd47b1e1837139c1c53020e86bb9112ae",
        "size": 726500,
        "path": "libraries/org/scala-lang/scala-swing_2.11/1.0.1/scala-swing_2.11-1.0.1.jar",
        "url": "http://res.tlauncher.org/unb/libraries/org/scala-lang/scala-swing_2.11/1.0.1/scala-swing_2.11-1.0.1.jar"
      }
    },
    {
      "name": "org.scala-lang:scala-xml_2.11:1.0.2",
      "artifact": {
        "sha1": "7a80ec00aec122fba7cd4e0d4cdd87ff7e4cb6d0",
        "size": 648679,
        "path": "libraries/org/scala-lang/scala-xml_2.11/1.0.2/scala-xml_2.11-1.0.2.jar",
        "url": "http://res.tlauncher.org/unb/libraries/org/scala-lang/scala-xml_2.11/1.0.2/scala-xml_2.11-1.0.2.jar"
      }
    },
    {
      "name": "lzma:lzma:0.0.1",
      "artifact": {
        "sha1": "521616dc7487b42bef0e803bd2fa3faf668101d7",
        "size": 5762,
        "path": "libraries/lzma/lzma/0.0.1/lzma-0.0.1.jar",
        "url": "http://res.tlauncher.org/unb/libraries/lzma/lzma/0.0.1/lzma-0.0.1.jar"
      }
    },
    {
      "name": "net.sf.jopt-simple:jopt-simple:4.6",
      "artifact": {
        "sha1": "306816fb57cf94f108a43c95731b08934dcae15c",
        "size": 62477,
        "path": "libraries/net/sf/jopt-simple/jopt-simple/4.6/jopt-simple-4.6.jar",
        "url": "http://res.tlauncher.org/unb/libraries/net/sf/jopt-simple/jopt-simple/4.6/jopt-simple-4.6.jar"
      }
    },
    {
      "name": "java3d:vecmath:1.5.2",
      "artifact": {
        "sha1": "79846ba34cbd89e2422d74d53752f993dcc2ccaf",
        "size": 318956,
        "path": "libraries/java3d/vecmath/1.5.2/vecmath-1.5.2.jar",
        "url": "http://res.tlauncher.org/unb/libraries/java3d/vecmath/1.5.2/vecmath-1.5.2.jar"
      }
    },
    {
      "name": "net.sf.trove4j:trove4j:3.0.3",
      "artifact": {
        "sha1": "42ccaf4761f0dfdfa805c9e340d99a755907e2dd",
        "size": 2523218,
        "path": "libraries/net/sf/trove4j/trove4j/3.0.3/trove4j-3.0.3.jar",
        "url": "http://res.tlauncher.org/unb/libraries/net/sf/trove4j/trove4j/3.0.3/trove4j-3.0.3.jar"
      }
    },
    {
      "name": "com.mojang:netty:1.8.8",
      "artifact": {
        "sha1": "0a796914d1c8a55b4da9f4a8856dd9623375d8bb",
        "size": 15966,
        "path": "com/mojang/netty/1.8.8/netty-1.8.8.jar",
        "url": "https://libraries.minecraft.net/com/mojang/netty/1.8.8/netty-1.8.8.jar"
      }
    },
    {
      "name": "oshi-project:oshi-core:1.1",
      "artifact": {
        "sha1": "9ddf7b048a8d701be231c0f4f95fd986198fd2d8",
        "size": 30973,
        "path": "oshi-project/oshi-core/1.1/oshi-core-1.1.jar",
        "url": "https://libraries.minecraft.net/oshi-project/oshi-core/1.1/oshi-core-1.1.jar"
      }
    },
    {
      "name": "net.java.dev.jna:jna:3.4.0",
      "artifact": {
        "sha1": "803ff252fedbd395baffd43b37341dc4a150a554",
        "size": 1008730,
        "path": "net/java/dev/jna/jna/3.4.0/jna-3.4.0.jar",
        "url": "https://libraries.minecraft.net/net/java/dev/jna/jna/3.4.0/jna-3.4.0.jar"
      }
    },
    {
      "name": "net.java.dev.jna:platform:3.4.0",
      "artifact": {
        "sha1": "e3f70017be8100d3d6923f50b3d2ee17714e9c13",
        "size": 913436,
        "path": "net/java/dev/jna/platform/3.4.0/platform-3.4.0.jar",
        "url": "https://libraries.minecraft.net/net/java/dev/jna/platform/3.4.0/platform-3.4.0.jar"
      }
    },
    {
      "name": "com.ibm.icu:icu4j-core-mojang:51.2",
      "artifact": {
        "sha1": "63d216a9311cca6be337c1e458e587f99d382b84",
        "size": 1634692,
        "path": "com/ibm/icu/icu4j-core-mojang/51.2/icu4j-core-mojang-51.2.jar",
        "url": "https://libraries.minecraft.net/com/ibm/icu/icu4j-core-mojang/51.2/icu4j-core-mojang-51.2.jar"
      }
    },
    {
      "name": "com.paulscode:codecjorbis:20101023",
      "artifact": {
        "sha1": "c73b5636faf089d9f00e8732a829577de25237ee",
        "size": 103871,
        "path": "com/paulscode/codecjorbis/20101023/codecjorbis-20101023.jar",
        "url": "https://libraries.minecraft.net/com/paulscode/codecjorbis/20101023/codecjorbis-20101023.jar"
      }
    },
    {
      "name": "com.paulscode:codecwav:20101023",
      "artifact": {
        "sha1": "12f031cfe88fef5c1dd36c563c0a3a69bd7261da",
        "size": 5618,
        "path": "com/paulscode/codecwav/20101023/codecwav-20101023.jar",
        "url": "https://libraries.minecraft.net/com/paulscode/codecwav/20101023/codecwav-20101023.jar"
      }
    },
    {
      "name": "com.paulscode:libraryjavasound:20101123",
      "artifact": {
        "sha1": "5c5e304366f75f9eaa2e8cca546a1fb6109348b3",
        "size": 21679,
        "path": "com/paulscode/libraryjavasound/20101123/libraryjavasound-20101123.jar",
        "url": "https://libraries.minecraft.net/com/paulscode/libraryjavasound/20101123/libraryjavasound-20101123.jar"
      }
    },
    {
      "name": "com.paulscode:librarylwjglopenal:20100824",
      "artifact": {
        "sha1": "73e80d0794c39665aec3f62eee88ca91676674ef",
        "size": 18981,
        "path": "com/paulscode/librarylwjglopenal/20100824/librarylwjglopenal-20100824.jar",
        "url": "https://libraries.minecraft.net/com/paulscode/librarylwjglopenal/20100824/librarylwjglopenal-20100824.jar"
      }
    },
    {
      "name": "com.paulscode:soundsystem:20120107",
      "artifact": {
        "sha1": "419c05fe9be71f792b2d76cfc9b67f1ed0fec7f6",
        "size": 65020,
        "path": "com/paulscode/soundsystem/20120107/soundsystem-20120107.jar",
        "url": "https://libraries.minecraft.net/com/paulscode/soundsystem/20120107/soundsystem-20120107.jar"
      }
    },
    {
      "name": "com.google.guava:guava:17.0",
      "artifact": {
        "sha1": "9c6ef172e8de35fd8d4d8783e4821e57cdef7445",
        "size": 2243036,
        "path": "com/google/guava/guava/17.0/guava-17.0.jar",
        "url": "https://libraries.minecraft.net/com/google/guava/guava/17.0/guava-17.0.jar"
      }
    },
    {
      "name": "org.apache.commons:commons-lang3:3.3.2",
      "artifact": {
        "sha1": "90a3822c38ec8c996e84c16a3477ef632cbc87a3",
        "size": 412739,
        "path": "org/apache/commons/commons-lang3/3.3.2/commons-lang3-3.3.2.jar",
        "url": "https://libraries.minecraft.net/org/apache/commons/commons-lang3/3.3.2/commons-lang3-3.3.2.jar"
      }
    },
    {
      "name": "commons-io:commons-io:2.4",
      "artifact": {
        "sha1": "b1b6ea3b7e4aa4f492509a4952029cd8e48019ad",
        "size": 185140,
        "path": "commons-io/commons-io/2.4/commons-io-2.4.jar",
        "url": "https://libraries.minecraft.net/commons-io/commons-io/2.4/commons-io-2.4.jar"
      }
    },
    {
      "name": "commons-codec:commons-codec:1.9",
      "artifact": {
        "sha1": "9ce04e34240f674bc72680f8b843b1457383161a",
        "size": 263965,
        "path": "commons-codec/commons-codec/1.9/commons-codec-1.9.jar",
        "url": "https://libraries.minecraft.net/commons-codec/commons-codec/1.9/commons-codec-1.9.jar"
      }
    },
    {
      "name": "net.java.jinput:jinput:2.0.5",
      "artifact": {
        "sha1": "39c7796b469a600f72380316f6b1f11db6c2c7c4",
        "size": 208338,
        "path": "net/java/jinput/jinput/2.0.5/jinput-2.0.5.jar",
        "url": "https://libraries.minecraft.net/net/java/jinput/jinput/2.0.5/jinput-2.0.5.jar"
      }
    },
    {
      "name": "net.java.jutils:jutils:1.0.0",
      "artifact": {
        "sha1": "e12fe1fda814bd348c1579329c86943d2cd3c6a6",
        "size": 7508,
        "path": "net/java/jutils/jutils/1.0.0/jutils-1.0.0.jar",
        "url": "https://libraries.minecraft.net/net/java/jutils/jutils/1.0.0/jutils-1.0.0.jar"
      }
    },
    {
      "name": "com.google.code.gson:gson:2.2.4",
      "artifact": {
        "sha1": "a60a5e993c98c864010053cb901b7eab25306568",
        "size": 190432,
        "path": "com/google/code/gson/gson/2.2.4/gson-2.2.4.jar",
        "url": "https://libraries.minecraft.net/com/google/code/gson/gson/2.2.4/gson-2.2.4.jar"
      }
    },
    {
      "name": "com.mojang:authlib:1.5.21",
      "artifact": {
        "sha1": "aefba0d5b53fbcb70860bc8046ab95d5854c07a5",
        "size": 64412,
        "path": "com/mojang/authlib/1.5.21/authlib-1.5.21.jar",
        "url": "https://libraries.minecraft.net/com/mojang/authlib/1.5.21/authlib-1.5.21.jar"
      }
    },
    {
      "name": "com.mojang:realms:1.7.59",
      "artifact": {
        "sha1": "9c6c59b742d8e038a15f64c1aa273a893a658424",
        "size": 1198123,
        "path": "com/mojang/realms/1.7.59/realms-1.7.59.jar",
        "url": "https://libraries.minecraft.net/com/mojang/realms/1.7.59/realms-1.7.59.jar"
      }
    },
    {
      "name": "org.apache.commons:commons-compress:1.8.1",
      "artifact": {
        "sha1": "a698750c16740fd5b3871425f4cb3bbaa87f529d",
        "size": 365552,
        "path": "org/apache/commons/commons-compress/1.8.1/commons-compress-1.8.1.jar",
        "url": "https://libraries.minecraft.net/org/apache/commons/commons-compress/1.8.1/commons-compress-1.8.1.jar"
      }
    },
    {
      "name": "org.apache.httpcomponents:httpclient:4.3.3",
      "artifact": {
        "sha1": "18f4247ff4572a074444572cee34647c43e7c9c7",
        "size": 589512,
        "path": "org/apache/httpcomponents/httpclient/4.3.3/httpclient-4.3.3.jar",
        "url": "https://libraries.minecraft.net/org/apache/httpcomponents/httpclient/4.3.3/httpclient-4.3.3.jar"
      }
    },
    {
      "name": "commons-logging:commons-logging:1.1.3",
      "artifact": {
        "sha1": "f6f66e966c70a83ffbdb6f17a0919eaf7c8aca7f",
        "size": 62050,
        "path": "commons-logging/commons-logging/1.1.3/commons-logging-1.1.3.jar",
        "url": "https://libraries.minecraft.net/commons-logging/commons-logging/1.1.3/commons-logging-1.1.3.jar"
      }
    },
    {
      "name": "org.apache.httpcomponents:httpcore:4.3.2",
      "artifact": {
        "sha1": "31fbbff1ddbf98f3aa7377c94d33b0447c646b6e",
        "size": 282269,
        "path": "org/apache/httpcomponents/httpcore/4.3.2/httpcore-4.3.2.jar",
        "url": "https://libraries.minecraft.net/org/apache/httpcomponents/httpcore/4.3.2/httpcore-4.3.2.jar"
      }
    },
    {
      "name": "org.apache.logging.log4j:log4j-api:2.0-beta9",
      "artifact": {
        "sha1": "1dd66e68cccd907880229f9e2de1314bd13ff785",
        "size": 108161,
        "path": "org/apache/logging/log4j/log4j-api/2.0-beta9/log4j-api-2.0-beta9.jar",
        "url": "https://libraries.minecraft.net/org/apache/logging/log4j/log4j-api/2.0-beta9/log4j-api-2.0-beta9.jar"
      }
    },
    {
      "name": "org.apache.logging.log4j:log4j-core:2.0-beta9",
      "artifact": {
        "sha1": "678861ba1b2e1fccb594bb0ca03114bb05da9695",
        "size": 681134,
        "path": "org/apache/logging/log4j/log4j-core/2.0-beta9/log4j-core-2.0-beta9.jar",
        "url": "https://libraries.minecraft.net/org/apache/logging/log4j/log4j-core/2.0-beta9/log4j-core-2.0-beta9.jar"
      }
    },
    {
      "name": "org.lwjgl.lwjgl:lwjgl:2.9.4-nightly-20150209",
      "rules": [
        {
          "action": "allow"
        },
        {
          "action": "disallow",
          "os": {
            "name": "osx"
          }
        }
      ],
      "artifact": {
        "sha1": "697517568c68e78ae0b4544145af031c81082dfe",
        "size": 1047168,
        "path": "org/lwjgl/lwjgl/lwjgl/2.9.4-nightly-20150209/lwjgl-2.9.4-nightly-20150209.jar",
        "url": "https://libraries.minecraft.net/org/lwjgl/lwjgl/lwjgl/2.9.4-nightly-20150209/lwjgl-2.9.4-nightly-20150209.jar"
      }
    },
    {
      "name": "org.lwjgl.lwjgl:lwjgl_util:2.9.4-nightly-20150209",
      "rules": [
        {
          "action": "allow"
        },
        {
          "action": "disallow",
          "os": {
            "name": "osx"
          }
        }
      ],
      "artifact": {
        "sha1": "d51a7c040a721d13efdfbd34f8b257b2df882ad0",
        "size": 173887,
        "path": "org/lwjgl/lwjgl/lwjgl_util/2.9.4-nightly-20150209/lwjgl_util-2.9.4-nightly-20150209.jar",
        "url": "https://libraries.minecraft.net/org/lwjgl/lwjgl/lwjgl_util/2.9.4-nightly-20150209/lwjgl_util-2.9.4-nightly-20150209.jar"
      }
    },
    {
      "name": "org.lwjgl.lwjgl:lwjgl-platform:2.9.4-nightly-20150209",
      "rules": [
        {
          "action": "allow"
        },
        {
          "action": "disallow",
          "os": {
            "name": "osx"
          }
        }
      ],
      "natives": {
        "linux": "natives-linux",
        "osx": "natives-osx",
        "windows": "natives-windows"
      },
      "extract": {
        "exclude": [
          "META-INF/"
        ]
      },
      "artifact": {
        "sha1": "b04f3ee8f5e43fa3b162981b50bb72fe1acabb33",
        "size": 22,
        "path": "org/lwjgl/lwjgl/lwjgl-platform/2.9.4-nightly-20150209/lwjgl-platform-2.9.4-nightly-20150209.jar",
        "url": "https://libraries.minecraft.net/org/lwjgl/lwjgl/lwjgl-platform/2.9.4-nightly-20150209/lwjgl-platform-2.9.4-nightly-20150209.jar"
      },
      "classifies": {
        "linux": {
          "sha1": "931074f46c795d2f7b30ed6395df5715cfd7675b",
          "size": 578680,
          "path": "org/lwjgl/lwjgl/lwjgl-platform/2.9.4-nightly-20150209/lwjgl-platform-2.9.4-nightly-20150209-natives-linux.jar",
          "url": "https://libraries.minecraft.net/org/lwjgl/lwjgl/lwjgl-platform/2.9.4-nightly-20150209/lwjgl-platform-2.9.4-nightly-20150209-natives-linux.jar"
        },
        "osx": {
          "sha1": "bcab850f8f487c3f4c4dbabde778bb82bd1a40ed",
          "size": 426822,
          "path": "org/lwjgl/lwjgl/lwjgl-platform/2.9.4-nightly-20150209/lwjgl-platform-2.9.4-nightly-20150209-natives-osx.jar",
          "url": "https://libraries.minecraft.net/org/lwjgl/lwjgl/lwjgl-platform/2.9.4-nightly-20150209/lwjgl-platform-2.9.4-nightly-20150209-natives-osx.jar"
        },
        "windows": {
          "sha1": "b84d5102b9dbfabfeb5e43c7e2828d98a7fc80e0",
          "size": 613748,
          "path": "org/lwjgl/lwjgl/lwjgl-platform/2.9.4-nightly-20150209/lwjgl-platform-2.9.4-nightly-20150209-natives-windows.jar",
          "url": "https://libraries.minecraft.net/org/lwjgl/lwjgl/lwjgl-platform/2.9.4-nightly-20150209/lwjgl-platform-2.9.4-nightly-20150209-natives-windows.jar"
        }
      }
    },
    {
      "name": "org.lwjgl.lwjgl:lwjgl:2.9.2-nightly-20140822",
      "rules": [
        {
          "action": "allow",
          "os": {
            "name": "osx"
          }
        }
      ],
      "artifact": {
        "sha1": "7707204c9ffa5d91662de95f0a224e2f721b22af",
        "size": 1045632,
        "path": "org/lwjgl/lwjgl/lwjgl/2.9.2-nightly-20140822/lwjgl-2.9.2-nightly-20140822.jar",
        "url": "https://libraries.minecraft.net/org/lwjgl/lwjgl/lwjgl/2.9.2-nightly-20140822/lwjgl-2.9.2-nightly-20140822.jar"
      }
    },
    {
      "name": "org.lwjgl.lwjgl:lwjgl_util:2.9.2-nightly-20140822",
      "rules": [
        {
          "action": "allow",
          "os": {
            "name": "osx"
          }
        }
      ],
      "artifact": {
        "sha1": "f0e612c840a7639c1f77f68d72a28dae2f0c8490",
        "size": 173887,
        "path": "org/lwjgl/lwjgl/lwjgl_util/2.9.2-nightly-20140822/lwjgl_util-2.9.2-nightly-20140822.jar",
        "url": "https://libraries.minecraft.net/org/lwjgl/lwjgl/lwjgl_util/2.9.2-nightly-20140822/lwjgl_util-2.9.2-nightly-20140822.jar"
      }
    },
    {
      "name": "org.lwjgl.lwjgl:lwjgl-platform:2.9.2-nightly-20140822",
      "rules": [
        {
          "action": "allow",
          "os": {
            "name": "osx"
          }
        }
      ],
      "natives": {
        "linux": "natives-linux",
        "osx": "natives-osx",
        "windows": "natives-windows"
      },
      "extract": {
        "exclude": [
          "META-INF/"
        ]
      },
      "classifies": {
        "linux": {
          "sha1": "d898a33b5d0a6ef3fed3a4ead506566dce6720a5",
          "size": 578539,
          "path": "org/lwjgl/lwjgl/lwjgl-platform/2.9.2-nightly-20140822/lwjgl-platform-2.9.2-nightly-20140822-natives-linux.jar",
          "url": "https://libraries.minecraft.net/org/lwjgl/lwjgl/lwjgl-platform/2.9.2-nightly-20140822/lwjgl-platform-2.9.2-nightly-20140822-natives-linux.jar"
        },
        "osx": {
          "sha1": "79f5ce2fea02e77fe47a3c745219167a542121d7",
          "size": 468116,
          "path": "org/lwjgl/lwjgl/lwjgl-platform/2.9.2-nightly-20140822/lwjgl-platform-2.9.2-nightly-20140822-natives-osx.jar",
          "url": "https://libraries.minecraft.net/org/lwjgl/lwjgl/lwjgl-platform/2.9.2-nightly-20140822/lwjgl-platform-2.9.2-nightly-20140822-natives-osx.jar"
        },
        "windows": {
          "sha1": "78b2a55ce4dc29c6b3ec4df8ca165eba05f9b341",
          "size": 613680,
          "path": "org/lwjgl/lwjgl/lwjgl-platform/2.9.2-nightly-20140822/lwjgl-platform-2.9.2-nightly-20140822-natives-windows.jar",
          "url": "https://libraries.minecraft.net/org/lwjgl/lwjgl/lwjgl-platform/2.9.2-nightly-20140822/lwjgl-platform-2.9.2-nightly-20140822-natives-windows.jar"
        }
      }
    },
    {
      "name": "net.java.jinput:jinput-platform:2.0.5",
      "natives": {
        "linux": "natives-linux",
        "osx": "natives-osx",
        "windows": "natives-windows"
      },
      "extract": {
        "exclude": [
          "META-INF/"
        ]
      },
      "classifies": {
        "linux": {
          "sha1": "7ff832a6eb9ab6a767f1ade2b548092d0fa64795",
          "size": 10362,
          "path": "net/java/jinput/jinput-platform/2.0.5/jinput-platform-2.0.5-natives-linux.jar",
          "url": "https://libraries.minecraft.net/net/java/jinput/jinput-platform/2.0.5/jinput-platform-2.0.5-natives-linux.jar"
        },
        "osx": {
          "sha1": "53f9c919f34d2ca9de8c51fc4e1e8282029a9232",
          "size": 12186,
          "path": "net/java/jinput/jinput-platform/2.0.5/jinput-platform-2.0.5-natives-osx.jar",
          "url": "https://libraries.minecraft.net/net/java/jinput/jinput-platform/2.0.5/jinput-platform-2.0.5-natives-osx.jar"
        },
        "windows": {
          "sha1": "385ee093e01f587f30ee1c8a2ee7d408fd732e16",
          "size": 155179,
          "path": "net/java/jinput/jinput-platform/2.0.5/jinput-platform-2.0.5-natives-windows.jar",
          "url": "https://libraries.minecraft.net/net/java/jinput/jinput-platform/2.0.5/jinput-platform-2.0.5-natives-windows.jar"
        }
      }
    },
    {
      "name": "tv.twitch:twitch:6.5",
      "artifact": {
        "sha1": "320a2dfd18513a5f41b4e75729df684488cbd925",
        "size": 55977,
        "path": "tv/twitch/twitch/6.5/twitch-6.5.jar",
        "url": "https://libraries.minecraft.net/tv/twitch/twitch/6.5/twitch-6.5.jar"
      }
    },
    {
      "name": "tv.twitch:twitch-platform:6.5",
      "rules": [
        {
          "action": "allow"
        },
        {
          "action": "disallow",
          "os": {
            "name": "linux"
          }
        }
      ],
      "natives": {
        "linux": "natives-linux",
        "osx": "natives-osx",
        "windows": "natives-windows-${arch}"
      },
      "extract": {
        "exclude": [
          "META-INF/"
        ]
      },
      "classifies": {
        "osx": {
          "sha1": "5f9d1ee26257b3a33f0ca06fed335ef462af659f",
          "size": 455359,
          "path": "tv/twitch/twitch-platform/6.5/twitch-platform-6.5-natives-osx.jar",
          "url": "https://libraries.minecraft.net/tv/twitch/twitch-platform/6.5/twitch-platform-6.5-natives-osx.jar"
        },
        "windows-32": {
          "sha1": "206c4ccaecdbcfd2a1631150c69a97bbc9c20c11",
          "size": 474225,
          "path": "tv/twitch/twitch-platform/6.5/twitch-platform-6.5-natives-windows-32.jar",
          "url": "https://libraries.minecraft.net/tv/twitch/twitch-platform/6.5/twitch-platform-6.5-natives-windows-32.jar"
        },
        "windows-64": {
          "sha1": "9fdd0fd5aed0817063dcf95b69349a171f447ebd",
          "size": 580098,
          "path": "tv/twitch/twitch-platform/6.5/twitch-platform-6.5-natives-windows-64.jar",
          "url": "https://libraries.minecraft.net/tv/twitch/twitch-platform/6.5/twitch-platform-6.5-natives-windows-64.jar"
        }
      }
    },
    {
      "name": "tv.twitch:twitch-external-platform:4.5",
      "rules": [
        {
          "action": "allow",
          "os": {
            "name": "windows"
          }
        }
      ],
      "natives": {
        "windows": "natives-windows-${arch}"
      },
      "extract": {
        "exclude": [
          "META-INF/"
        ]
      },
      "classifies": {
        "windows-32": {
          "sha1": "18215140f010c05b9f86ef6f0f8871954d2ccebf",
          "size": 5654047,
          "path": "tv/twitch/twitch-external-platform/4.5/twitch-external-platform-4.5-natives-windows-32.jar",
          "url": "https://libraries.minecraft.net/tv/twitch/twitch-external-platform/4.5/twitch-external-platform-4.5-natives-windows-32.jar"
        },
        "windows-64": {
          "sha1": "c3cde57891b935d41b6680a9c5e1502eeab76d86",
          "size": 7457619,
          "path": "tv/twitch/twitch-external-platform/4.5/twitch-external-platform-4.5-natives-windows-64.jar",
          "url": "https://libraries.minecraft.net/tv/twitch/twitch-external-platform/4.5/twitch-external-platform-4.5-natives-windows-64.jar"
        }
      }
    }
  ],
  "assetIndex": {
    "id": "1.8",
    "totalSize": 114885064,
    "size": 78494,
    "url": "https://launchermeta.mojang.com/v1/packages/f6ad102bcaa53b1a58358f16e376d548d44933ec/1.8.json"
  },
  "downloads": {
    "client": {
      "sha1": "3870888a6c3d349d3771a3e9d16c9bf5e076b908",
      "size": 8461484,
      "url": "https://launcher.mojang.com/v1/objects/3870888a6c3d349d3771a3e9d16c9bf5e076b908/client.jar"
    },
    "server": {
      "sha1": "b58b2ceb36e01bcd8dbf49c8fb66c55a9f0676cd",
      "size": 8320755,
      "url": "https://launcher.mojang.com/v1/objects/b58b2ceb36e01bcd8dbf49c8fb66c55a9f0676cd/server.jar"
    },
    "windows_server": {
      "sha1": "5143618265b8a2d1d28bcadf206b7327738c2670",
      "size": 8714995,
      "url": "https://launcher.mojang.com/v1/objects/5143618265b8a2d1d28bcadf206b7327738c2670/windows_server.exe"
    }
  },
  "complianceLevel": 0.0,
  "javaVersion": {
    "component": "jre-legacy",
    "majorVersion": 8.0
  },
  "logging": {
    "client": {
      "argument": "-Dlog4j.configurationFile=${path}",
      "file": {
        "id": "client-1.7.xml",
        "sha1": "50c9cc4af6d853d9fc137c84bcd153e2bd3a9a82",
        "size": 966,
        "url": "https://launcher.mojang.com/v1/objects/50c9cc4af6d853d9fc137c84bcd153e2bd3a9a82/client-1.7.xml"
      },
      "type": "log4j2-xml"
    }
  }
}